{
  "fdpfq": false,
  "chtyh": 71,
  "fugog": 12,
  "wxrco": 0.10811525432325308,
  "dppox": false,
  "bfalr": 0.2966343559995199,
  "wudqa": 18,
  "bjhyg": false,
  "bssyn": -86,
  "ldihx": false,
  "zhhgh": true,
  "ahnht": 0.5751610485732536,
  "oalrt": 2,
  "ajhnf": 53,
  "mgtfj": false,
  "rmyig": true,
  "usqfl": true,
  "lvlrs": 0.524799567831775,
  "shhkx": 0.36809716726263286,
  "vadee": 0.051915838150144,
  "htpaz": true,
  "xfyxz": -89,
  "qrczz": false,
  "znsxn": 0.3791863518118964,
  "pjxzv": false,
  "yzilp": 0.505710238110688,
  "jahdt": 0.2284955775767914,
  "tpqar": true,
  "xjmvw": true,
  "ehhsm": 3
}