{
  "bktfl": 0.061116554672177026,
  "wihha": 0.5703699409459018,
  "gserl": false,
  "qqweu": false,
  "uqaxj": false,
  "mzrdc": 0.8937499252755741,
  "hwlto": -17,
  "niydv": 0.5911757732912638,
  "zyyva": 0.5756824554315443,
  "orlly": 0.29484141152478416,
  "masty": 13,
  "pzgby": 0.11518369563717168,
  "orrew": false,
  "oxxbl": 0.29370192919343385,
  "qhhyk": 46,
  "ceaar": 0.1674973534559253,
  "ueyyu": -71,
  "vrenj": 50,
  "bvsxh": 0.7399022639118782,
  "cfgpn": -28,
  "gggrm": 0.4210683645295149,
  "zxeyo": -9,
  "kpgvi": -83,
  "nfhms": false,
  "gsbpv": 0.8272642786433464,
  "ttqoa": 80,
  "ibwih": 70,
  "vhagl": 41,
  "oajbv": false,
  "hmspy": false,
  "apkpt": false,
  "dhnlg": false,
  "zsbrz": false,
  "pjboc": false,
  "kisup": 37
}